{"cameraMode":{"drawMode":0,"name":"Shaded","section":"Shading Mode"},"sceneLighting":true,"audioPlay":false,"sceneViewState":{"showFog":true,"showMaterialUpdate":false,"showSkybox":true,"showFlares":true,"showImageEffects":true,"showParticleSystems":true},"in2DMode":false,"pivot":{"x":-9.800000190734864,"y":0.7138001918792725,"z":-3.200000047683716},"rotation":{"x":-0.00856812298297882,"y":-0.9908188581466675,"z":0.07625477015972138,"w":-0.11133182048797608},"size":2.2687833309173586,"orthographic":true}