{"cameraMode":{"drawMode":0,"name":"Shaded","section":"Shading Mode"},"sceneLighting":true,"audioPlay":false,"sceneViewState":{"showFog":true,"showMaterialUpdate":false,"showSkybox":true,"showFlares":true,"showImageEffects":true,"showParticleSystems":true},"in2DMode":false,"pivot":{"x":-9.788839340209961,"y":1.038489580154419,"z":-3.2490224838256838},"rotation":{"x":0.002512912033125758,"y":-0.995394229888916,"z":0.027191024273633958,"w":0.09194206446409226},"size":4.097504615783691,"orthographic":true}