{"cameraMode":{"drawMode":0,"name":"Shaded","section":"Shading Mode"},"sceneLighting":true,"audioPlay":false,"sceneViewState":{"showFog":false,"showMaterialUpdate":false,"showSkybox":false,"showFlares":false,"showImageEffects":false,"showParticleSystems":false},"in2DMode":false,"pivot":{"x":11.58407211303711,"y":-11.892162322998047,"z":-3.993225574493408},"rotation":{"x":0.2596421241760254,"y":0.6916214823722839,"z":-0.29675155878067019,"w":0.6051332950592041},"size":20.7929630279541,"orthographic":false}