{"cameraMode":{"drawMode":0,"name":"Shaded","section":"Shading Mode"},"sceneLighting":true,"audioPlay":false,"sceneViewState":{"showFog":true,"showMaterialUpdate":false,"showSkybox":true,"showFlares":true,"showImageEffects":true,"showParticleSystems":true},"in2DMode":false,"pivot":{"x":0.15570068359375,"y":0.9696044921875,"z":0.2633056640625},"rotation":{"x":-0.02849133312702179,"y":0.9493540525436401,"z":-0.09027871489524842,"w":-0.2996080219745636},"size":1.263726830482483,"orthographic":true}