{"cameraMode":{"drawMode":0,"name":"Shaded","section":"Shading Mode"},"sceneLighting":true,"audioPlay":false,"sceneViewState":{"showFog":true,"showMaterialUpdate":false,"showSkybox":true,"showFlares":true,"showImageEffects":true,"showParticleSystems":true},"in2DMode":false,"pivot":{"x":0.15570068359375,"y":0.9696044921875,"z":0.2633056640625},"rotation":{"x":0.004195655230432749,"y":0.9912001490592957,"z":0.12826670706272126,"w":-0.032423075288534167},"size":1.0428720712661744,"orthographic":true}