{"cameraMode":{"drawMode":0,"name":"Shaded","section":"Shading Mode"},"sceneLighting":true,"audioPlay":false,"sceneViewState":{"showFog":false,"showMaterialUpdate":false,"showSkybox":false,"showFlares":false,"showImageEffects":false,"showParticleSystems":false},"in2DMode":false,"pivot":{"x":18.562618255615236,"y":0.9943294525146484,"z":0.4167194366455078},"rotation":{"x":0.29634997248649599,"y":0.5439338684082031,"z":-0.21335969865322114,"w":0.755508303642273},"size":2.9660251140594484,"orthographic":false}